{
    "x": 166.54400634765625,
    "y": 294.7044982910156,
    "yaw": -1.2543567419052124,
    "velocity": 0.0,
    "gear": 1.0
}