{
    "x": 166.58447265625,
    "y": 294.5799560546875,
    "yaw": -1.2543567419052124,
    "velocity": 1.0124999284744263,
    "gear": 1.0
}