{
    "x": 166.65472412109375,
    "y": 294.38494873046875,
    "yaw": -1.2118562459945679,
    "velocity": 1.40625,
    "gear": 1.0
}