{
    "x": 166.73756408691406,
    "y": 294.1831359863281,
    "yaw": -1.155188798904419,
    "velocity": 1.462499976158142,
    "gear": 1.0
}