{
    "x": 166.80926513671875,
    "y": 294.0240478515625,
    "yaw": -1.1268551349639893,
    "velocity": 1.125,
    "gear": 1.0
}