{
    "x": 166.86111450195312,
    "y": 293.91583251953125,
    "yaw": -1.1126883029937744,
    "velocity": 0.7874999642372131,
    "gear": 1.0
}