{
    "x": 166.91038513183594,
    "y": 293.8184814453125,
    "yaw": -1.0843546390533447,
    "velocity": 0.731249988079071,
    "gear": 1.0
}