{
    "x": 166.96144104003906,
    "y": 293.7220153808594,
    "yaw": -1.0843546390533447,
    "velocity": 0.731249988079071,
    "gear": 1.0
}