{
    "x": 167.0142822265625,
    "y": 293.6265563964844,
    "yaw": -1.056020975112915,
    "velocity": 0.6749999523162842,
    "gear": 1.0
}