{
    "x": 167.06361389160156,
    "y": 293.54168701171875,
    "yaw": -1.0418541431427002,
    "velocity": 0.6749999523162842,
    "gear": 1.0
}