{
    "x": 167.10284423828125,
    "y": 293.4762268066406,
    "yaw": -1.0276873111724854,
    "velocity": 0.0,
    "gear": 2.0
}