{
    "x": 167.0804443359375,
    "y": 293.5136413574219,
    "yaw": -1.0276873111724854,
    "velocity": 0.0,
    "gear": 2.0
}