{
    "x": 166.98828125,
    "y": 293.661865234375,
    "yaw": -0.9993535876274109,
    "velocity": 1.2374999523162842,
    "gear": 2.0
}