{
    "x": 166.8728485107422,
    "y": 293.8340148925781,
    "yaw": -0.956852912902832,
    "velocity": 1.40625,
    "gear": 2.0
}