{
    "x": 166.7368621826172,
    "y": 294.0183410644531,
    "yaw": -0.9143522381782532,
    "velocity": 1.3499999046325684,
    "gear": 2.0
}