{
    "x": 166.62777709960938,
    "y": 294.1545715332031,
    "yaw": -0.8860184550285339,
    "velocity": 1.181249976158142,
    "gear": 2.0
}