{
    "x": 166.52174377441406,
    "y": 294.2791748046875,
    "yaw": -0.8435177803039551,
    "velocity": 1.181249976158142,
    "gear": 2.0
}