{
    "x": 166.3961181640625,
    "y": 294.4155578613281,
    "yaw": -0.8010171055793762,
    "velocity": 1.181249976158142,
    "gear": 2.0
}