{
    "x": 166.27407836914062,
    "y": 294.54034423828125,
    "yaw": -0.772683322429657,
    "velocity": 1.181249976158142,
    "gear": 2.0
}