{
    "x": 166.1313018798828,
    "y": 294.6751708984375,
    "yaw": -0.7443495392799377,
    "velocity": 1.181249976158142,
    "gear": 2.0
}