{
    "x": 165.99156188964844,
    "y": 294.79705810546875,
    "yaw": -0.7018488645553589,
    "velocity": 1.2374999523162842,
    "gear": 2.0
}