{
    "x": 165.83966064453125,
    "y": 294.92144775390625,
    "yaw": -0.6735150814056396,
    "velocity": 1.2374999523162842,
    "gear": 2.0
}