{
    "x": 165.69259643554688,
    "y": 295.03436279296875,
    "yaw": -0.6310144066810608,
    "velocity": 1.2374999523162842,
    "gear": 2.0
}