{
    "x": 165.56007385253906,
    "y": 295.1303405761719,
    "yaw": -0.6168475151062012,
    "velocity": 1.2374999523162842,
    "gear": 2.0
}