{
    "x": 165.4063262939453,
    "y": 295.2339782714844,
    "yaw": -0.5743468403816223,
    "velocity": 1.2374999523162842,
    "gear": 2.0
}