{
    "x": 165.26736450195312,
    "y": 295.3203125,
    "yaw": -0.5318461656570435,
    "velocity": 1.125,
    "gear": 2.0
}