{
    "x": 165.1154327392578,
    "y": 295.4061279296875,
    "yaw": -0.5035123825073242,
    "velocity": 1.181249976158142,
    "gear": 2.0
}