{
    "x": 164.95069885253906,
    "y": 295.4911804199219,
    "yaw": -0.46101170778274536,
    "velocity": 1.181249976158142,
    "gear": 2.0
}