{
    "x": 164.8025360107422,
    "y": 295.560546875,
    "yaw": -0.4185110330581665,
    "velocity": 1.181249976158142,
    "gear": 2.0
}