{
    "x": 164.63136291503906,
    "y": 295.6318359375,
    "yaw": -0.37601035833358765,
    "velocity": 1.181249976158142,
    "gear": 2.0
}