{
    "x": 164.4779510498047,
    "y": 295.68865966796875,
    "yaw": -0.3335096836090088,
    "velocity": 1.125,
    "gear": 2.0
}