{
    "x": 164.29144287109375,
    "y": 295.7500915527344,
    "yaw": -0.30517590045928955,
    "velocity": 1.2374999523162842,
    "gear": 2.0
}