{
    "x": 164.11312866210938,
    "y": 295.8008117675781,
    "yaw": -0.2626752257347107,
    "velocity": 1.2937499284744263,
    "gear": 2.0
}