{
    "x": 163.89035034179688,
    "y": 295.8541259765625,
    "yaw": -0.22017459571361542,
    "velocity": 1.3499999046325684,
    "gear": 2.0
}