{
    "x": 163.70860290527344,
    "y": 295.890869140625,
    "yaw": -0.17767395079135895,
    "velocity": 1.3499999046325684,
    "gear": 2.0
}