{
    "x": 163.49322509765625,
    "y": 295.9254455566406,
    "yaw": -0.1493401974439621,
    "velocity": 1.3499999046325684,
    "gear": 2.0
}