{
    "x": 163.30926513671875,
    "y": 295.9488525390625,
    "yaw": -0.10683955252170563,
    "velocity": 1.3499999046325684,
    "gear": 2.0
}