{
    "x": 163.11378479003906,
    "y": 295.9670104980469,
    "yaw": -0.07850578427314758,
    "velocity": 1.3499999046325684,
    "gear": 2.0
}