{
    "x": 162.89605712890625,
    "y": 295.98028564453125,
    "yaw": -0.05017201602458954,
    "velocity": 1.3499999046325684,
    "gear": 2.0
}