{
    "x": 162.6888427734375,
    "y": 295.98516845703125,
    "yaw": -0.0076713645830750465,
    "velocity": 1.3499999046325684,
    "gear": 2.0
}