{
    "x": 162.48159790039062,
    "y": 295.9834899902344,
    "yaw": 0.034829284995794296,
    "velocity": 1.3499999046325684,
    "gear": 2.0
}