{
    "x": 162.28546142578125,
    "y": 295.9744567871094,
    "yaw": 0.06316304951906204,
    "velocity": 1.3499999046325684,
    "gear": 2.0
}