{
    "x": 162.07884216308594,
    "y": 295.9583740234375,
    "yaw": 0.10566370189189911,
    "velocity": 1.3499999046325684,
    "gear": 2.0
}