{
    "x": 161.8838653564453,
    "y": 295.9351806640625,
    "yaw": 0.13399747014045715,
    "velocity": 1.2937499284744263,
    "gear": 2.0
}