{
    "x": 161.73265075683594,
    "y": 295.9136962890625,
    "yaw": 0.162331223487854,
    "velocity": 1.181249976158142,
    "gear": 2.0
}