{
    "x": 161.54986572265625,
    "y": 295.8824157714844,
    "yaw": 0.17649810016155243,
    "velocity": 1.068750023841858,
    "gear": 2.0
}