{
    "x": 161.4213104248047,
    "y": 295.85772705078125,
    "yaw": 0.20483185350894928,
    "velocity": 1.068750023841858,
    "gear": 2.0
}