{
    "x": 161.24008178710938,
    "y": 295.8184509277344,
    "yaw": 0.2189987301826477,
    "velocity": 1.068750023841858,
    "gear": 2.0
}