{
    "x": 161.11285400390625,
    "y": 295.7876281738281,
    "yaw": 0.24733248353004456,
    "velocity": 0.7874999642372131,
    "gear": 2.0
}