{
    "x": 161.06007385253906,
    "y": 295.7738342285156,
    "yaw": 0.2614993751049042,
    "velocity": 0.44999998807907104,
    "gear": 2.0
}