{
    "x": 161.0074462890625,
    "y": 295.759521484375,
    "yaw": 0.2756662666797638,
    "velocity": 0.3374999761581421,
    "gear": 2.0
}