{
    "x": 160.91302490234375,
    "y": 295.7325744628906,
    "yaw": 0.2898331582546234,
    "velocity": 0.5625,
    "gear": 2.0
}