{
    "x": 160.79835510253906,
    "y": 295.6972351074219,
    "yaw": 0.30400004982948303,
    "velocity": 0.731249988079071,
    "gear": 2.0
}