{
    "x": 160.67361450195312,
    "y": 295.6576232910156,
    "yaw": 0.30400004982948303,
    "velocity": 0.7874999642372131,
    "gear": 2.0
}