{
    "x": 160.55958557128906,
    "y": 295.6203308105469,
    "yaw": 0.31816694140434265,
    "velocity": 0.7874999642372131,
    "gear": 2.0
}