{
    "x": 160.4352569580078,
    "y": 295.5794372558594,
    "yaw": 0.31816694140434265,
    "velocity": 0.7874999642372131,
    "gear": 2.0
}