{
    "x": 160.31109619140625,
    "y": 295.5381164550781,
    "yaw": 0.31816694140434265,
    "velocity": 0.7874999642372131,
    "gear": 2.0
}