{
    "x": 160.1974639892578,
    "y": 295.49969482421875,
    "yaw": 0.33233383297920227,
    "velocity": 0.7874999642372131,
    "gear": 2.0
}