{
    "x": 160.13558959960938,
    "y": 295.4783935546875,
    "yaw": 0.33233383297920227,
    "velocity": 0.44999998807907104,
    "gear": 2.0
}